{
    "Items":{
        "Type": 2,
        "PCurveType": 1,
        "Points": [
            {
                "X": -12.638129479350445,
                "Y": 3.15953236983761,
                "Z": 0
            },
            {
                "X": -4.683542101171048,
                "Y": 10.668068119334054,
                "Z": 0
            }
        ]
    },
    "Meta": {
        "CustomData": "This is a custom data"
    }
}