{
    "Items": {
        "X": -12.638129479350445,
        "Y": 3.15953236983761,
        "Z": 0
    },
    "Meta": {
        "CustomData": "This is a custom data"
    }
}